Curriculum,"Mechanical Engineering with a Specialization in Mechanics of Materials",,,,,,,,,
Institution,"University of California, San Diego",,,,,,,,,
Degree Type,"BS",,,,,,,,,
System Type,"quarter",,,,,,,,,
CIP,"14.1901",,,,,,,,,
Courses,,,,,,,,,,
Course ID,Course Name,Prefix,Number,Prerequisites,Corequisites,Strict-Corequisites,Credit Hours,Institution,Canonical Name
1,"MATH 20A","MATH","20A",,,,4.0,"",""
2,"CHEM 6A","CHEM","6A",,,,4.0,"",""
3,"MATH 20B","MATH","20B","1",,,4.0,"",""
4,"PHYS 2A","PHYS","2A","1",,,4.0,"",""
5,"MATH 20C","MATH","20C","3",,,4.0,"",""
6,"PHYS 2B","PHYS","2B","4;3",,,4.0,"",""
7,"MAE 3","MAE","3","4",,,4.0,"",""
8,"MATH 20D","MATH","20D","5",,,4.0,"",""
9,"PHYS 2C","PHYS","2C","4;5",,,4.0,"",""
10,"MAE 20","MAE","20","2;4;5",,,4.0,"",""
11,"MATH 18","MATH","18",,,,4.0,"",""
12,"MAE 30A","MAE","30A","4;5",,,4.0,"",""
13,"MAE 8","MAE","8","1;3",,,4.0,"",""
14,"MATH 20E","MATH","20E","11;5",,,4.0,"",""
15,"MAE 30B","MAE","30B","12",,,4.0,"",""
16,"MAE 131A","MAE","131A","12;8",,,4.0,"",""
17,"MAE 11","MAE","11","9;2",,,4.0,"",""
18,"MAE 40","MAE","40","8;11;6",,,4.0,"",""
19,"MAE 105","MAE","105","4;6;8",,,4.0,"",""
20,"MAE 107","MAE","107","13;11",,,4.0,"",""
21,"MAE 101A","MAE","101A","4;8;14",,,4.0,"",""
22,"MAE 143A","MAE","143A","8;14;11",,,4.0,"",""
23,"MAE 131B / MAE 160","MAE","131B","16;19",,,4.0,"",""
24,"MAE 101B","MAE","101B","21;17",,,4.0,"",""
25,"MAE 143B","MAE","143B","22",,,4.0,"",""
26,"MAE 170","MAE","170","9;18",,,4.0,"",""
27,"MAE 101C","MAE","101C","21;24;19",,,4.0,"",""
28,"MAE 150","MAE","150","7;20;12",,,4.0,"",""
29,"MAE 156A","MAE","156A","7;16;26;28;15",,,4.0,"",""
30,"MAE 171A","MAE","171A","26;21;25",,,4.0,"",""
31,"MAE 156B","MAE","156B","27;29;23;25",,,4.0,"",""
32,"MMW 11","MMW","11",,,,4.0,"",""
33,"MMW 12","MMW","12",,,,6.0,"",""
34,"MMW 13","MMW","13","33",,,6.0,"",""
35,"MMW 14 / GE 1","MMW","14","33;34",,,4.0,"",""
36,"MMW 15","MMW","15","33;34",,,4.0,"",""
37,"TE 1","","",,,,4.0,"",""
38,"TE 2","","",,,,4.0,"",""
39,"TE 3","","",,,,4.0,"",""
40,"TE 4","","",,,,4.0,"",""
41,"TE 5","","",,,,4.0,"",""
42,"GE 1","","",,,,4.0,"",""
43,"GE 2","","",,,,4.0,"",""
44,"MMW 14 / GE 2","MMW","14","33;34",,,4.0,"",""
45,"GE / DEI","","",,,,4.0,"",""
46,"GE 3","","",,,,4.0,"",""
47,"GE 4","","",,,,4.0,"",""
48,"GE 5","","",,,,4.0,"",""
49,"GE 6","","",,,,4.0,"",""
50,"GE 7","","",,,,4.0,"",""